,Time,Title,,Good  Response,Bad Response,Neutral,link
1,1 yr. ago,"   Roblox: Place for Kids or Predators?
",,1,,,https://www.reddit.com/r/Parenting/comments/1eb1nt7/roblox_place_for_kids_or_predators/
2,2 mo. ago,"Am I the only one that see’s an issue with this?
",,,,,https://www.reddit.com/r/roblox/comments/1k819nw/am_i_the_only_one_that_sees_an_issue_with_this/
3,2 yr. ago,,,,,yes,https://www.reddit.com/r/UKParenting/comments/18b81dj/deleted_by_user/?share_id=zO8cp-pmAzflnvSWHWO-Z&utm_content=1&utm_medium=ios_app&utm_name=ioscss&utm_source=share&utm_term=1
4,"
8 mo. ago",Woman arrested after allegedly instructing child to murder infant through Roblox message,,,yes,,https://www.reddit.com/r/roblox/comments/1g9crgz/woman_arrested_after_allegedly_instructing_child/
5,"r/ROBLOXBans
•
8 mo. ago",Accounts terminated due to child predator hacking my 11 yr old daughter’s account,,,,,https://www.reddit.com/r/ROBLOXBans/comments/1g6qe3u/accounts_terminated_due_to_child_predator_hacking/
6,4 mo. ago,"Bay Area tech companies Roblox, Discord sued for allegedly facilitating child abuse",,,,,https://www.reddit.com/r/bayarea/comments/1itnecs/bay_area_tech_companies_roblox_discord_sued_for/
7,2 yr. ago,Possible grooming on Roblox?,,,yes,,https://www.reddit.com/r/UKParenting/comments/15i8ucb/possible_grooming_on_roblox/
8,1 yr. ago,Predators are a problem in Roblox.,,,,blamed on parents not putting the parental control,https://www.reddit.com/r/roblox/comments/1e6b4dn/predators_are_a_problem_in_roblox/
9,8 days ago,Anyone else hate Roblox?,"concern about the child addition, dark pattern, ",,,,https://www.reddit.com/r/daddit/comments/1l2vok6/anyone_else_hate_roblox/
10,8 mo. ago,Is roblox safe for kids?,"dark pattern, addition ",,bad,,https://www.reddit.com/r/IrelandGaming/comments/1fuggt2/is_roblox_safe_for_kids/
11,1 yr. ago,"Roblox’s Pedophile Problem. The internet’s biggest recreation zone for kids is fighting to keep predators away, and it’s not always winning.","gamin addtion, dark pattern, padators, bad words",,,yes,https://www.reddit.com/r/technology/comments/1e9y16c/robloxs_pedophile_problem_the_internets_biggest/
12,"•
1 yr. ago",Layered clothing was the worst thing to happen to Roblox,Inappropriate content,,,,https://www.reddit.com/r/whenthe/comments/18z7hx6/layered_clothing_was_the_worst_thing_to_happen_to/
13,3 yr. ago,"I'm 17. My dad restricted all social media, youtube, discord, and even roblox.",child are not allowed to play the games,,,,https://www.reddit.com/r/mildlyinfuriating/comments/ti2qbz/im_17_my_dad_restricted_all_social_media_youtube/
14,1 yr. ago,"Roblox is destroying lives
",gaming addition,,,,https://www.reddit.com/r/ShitMomGroupsSay/comments/1dda3ml/roblox_is_destroying_lives/
15,10 mo. ago,"Roblox gets banned indefinitely in Turkey over ""child exploitation""","child abuse, Ic, child labor",,bad,,https://www.reddit.com/r/Games/comments/1en5snx/roblox_gets_banned_indefinitely_in_turkey_over/
16,7 mo. ago,"What's going on with Roblox?
","behavior issues, Inappropriate content, gaming addition ",,bad,,https://www.reddit.com/r/OutOfTheLoop/comments/1gq3wqv/whats_going_on_with_roblox/
17,1 mo. ago,Roblox is ruining my relationship with my son,gaming addition,,,,
18,"
1 yr. ago",Inappropriate behavior,"Inappropriate content,sexual content",,,,https://www.reddit.com/r/roblox/comments/1dphhxr/inappropriate_behavior/
19, 1mo. ago,does anyone else continue getting wrongfully banned for inappropriate content?,,,,,
20,4 yr. ago,Can someone tell me I haven't failed as a parent? Roblox content.,,,,yes,
21,7 yr. ago,Wife wants to limit kid's access to Roblox after reading about pervy games,,,yes,,https://www.reddit.com/r/xboxone/comments/8vum2u/wife_wants_to_limit_kids_access_to_roblox_after/
22,2 mo. ago,"report @Ihat3Niygrs2000 for “Exploiting, Cheating, Scamming” & “Inappropriate Language - Profanity & Adult Content”",,,,,https://www.reddit.com/r/SlapBattles/comments/1jqylgr/report_ihat3niygrs2000_for_exploiting_cheating/
23,"
3 mo. ago",My kid is being excluded from his friends group because we do not allow Roblox.,,,,,https://www.reddit.com/r/Parenting/comments/1j66yaf/my_kid_is_being_excluded_from_his_friends_group/
gaming addtion ,,,,,,,
24,,Roblox addiction - looking for a high quality game to stop son playing brainrot junk.,,,,,https://www.reddit.com/r/gamingsuggestions/comments/1hf4rcz/roblox_addiction_looking_for_a_high_quality_game/
25,,Roblox is ruining my relationship with my son,,,,,https://www.reddit.com/r/Parenting/comments/1khj3vd/roblox_is_ruining_my_relationship_with_my_son/
,,,,,,,
Dark pattern ,,,,,,,
26,,DarkPattern.games: a collection of game design dark patterns,,,,,https://www.reddit.com/r/gamedev/comments/oe74h2/darkpatterngames_a_collection_of_game_design_dark/
27,,Roblox addiction - looking for a high quality game to stop son playing brainrot junk.,,,,,https://www.reddit.com/r/gamingsuggestions/comments/1hf4rcz/roblox_addiction_looking_for_a_high_quality_game/
28,,"Roblox Studio boss: children making money on the platform isn't exploitation, it's a gift",,,,,https://www.reddit.com/r/gamingnews/comments/1bwhmj7/roblox_studio_boss_children_making_money_on_the/
29,,What the hell is the deal with Roblox and the way it affects kids,,,,,https://www.reddit.com/r/GenZ/comments/1eej357/what_the_hell_is_the_deal_with_roblox_and_the_way/
30,,Help - 11 year old child spend 6k dollars roblox in last 2ish weeks,,,,,https://www.reddit.com/r/RobloxHelp/comments/1b4trdm/help_11_year_old_child_spend_6k_dollars_roblox_in/